,total_return,ann_return,sharpe,max_drawdown,n_periods
momentum_baseline,21.44341495041811,0.365565858476919,1.1640644700968694,-0.44732790370716946,503.0
equal_weight,4.151623247904801,0.17842453749386689,1.0165169021987723,-0.34534426211919356,503.0
model_walkforward,17.480832087237772,0.35519834689478036,0.9351088604747105,-0.5245019148316064,483.0
model_risk_managed,3.533968545101718,0.17060531495176168,0.932330020714283,-0.2710680538747807,483.0
buy_hold_SPY,3.510445495045853,0.1384931501922695,0.8283562012373575,-0.33717258279330076,2920.0
