,total_return,ann_return,sharpe,max_drawdown,n_periods
momentum_baseline,24.4793887223049,0.383027979544565,1.2383719775952187,-0.4561976742636571,503.0
equal_weight,4.03701302559398,0.17577223744464243,1.0856733367004636,-0.30839318486925793,503.0
model_walkforward,32.07350096369512,0.439933400448719,1.196682200273627,-0.5291077656241345,483.0
buy_hold_SPY,3.5756138878803876,0.13990022472100172,0.8353097581889809,-0.3371728938248103,2920.0
