,total_return,ann_return,sharpe,max_drawdown,n_periods
momentum_baseline,30.899481537560995,0.41450714781093834,1.241693084893951,-0.3644237816867413,503.0
equal_weight,4.073229419651728,0.1766161723853732,0.9590080131151766,-0.3366562927810104,503.0
model_walkforward,25.912955932255684,0.4096097242699077,1.001651808055439,-0.6260401712988339,483.0
model_risk_managed,5.632796055853911,0.2180818640878739,1.0801223198390557,-0.29508030971573573,483.0
momentum_balanced,4.144907800651687,0.178270600877229,0.9584412906977342,-0.28161546723425523,503.0
momentum_aggressive,30.899481537561147,0.414507147810939,1.2416930848939516,-0.36442378168674106,503.0
buy_hold_SPY,3.44605816617909,0.13708457329496748,0.8210518158257667,-0.3371726149351546,2920.0
