,total_return,ann_return,sharpe,max_drawdown,n_periods
momentum_baseline,10.53468085176369,0.27749943916720854,1.4857934388440814,-0.268104597750189,503.0
equal_weight,7.030297376097529,0.23199686979805523,1.4494088437646926,-0.2457609408126813,503.0
model_walkforward,7.719376977920643,0.2531595434911913,1.2590053175048879,-0.30045558545859796,483.0
buy_hold_SPY,3.5756138878803876,0.13990022472100172,0.8353094777258154,-0.3371726975633843,2920.0
